panel,tiempo,partido,mediana,q25,q75,n,distancia,solapamiento,n_nueva,n_tradicional
A,2016-17,RN,2.064465588418112,1.9840054741042497,2.1120022823661704,12,NA,NA,NA,NA
A,2016-17,UDI,2.164163266408116,2.1047054278887423,2.2087838530444053,27,NA,NA,NA,NA
A,2017-18,RN,2.035750997123146,1.9144126413251523,2.0946208456511473,13,NA,NA,NA,NA
A,2017-18,UDI,2.139859407122223,1.991840964323048,2.2145553103488442,28,NA,NA,NA,NA
A,2018-19,Evópoli,1.915578844435094,1.8729619904186794,1.9630136299024719,6,NA,NA,NA,NA
A,2018-19,RN,1.9514100351788972,1.9084332080280069,1.9893863106670575,34,NA,NA,NA,NA
A,2018-19,UDI,1.970562778313924,1.8868187041367952,2.0282672059247226,30,NA,NA,NA,NA
A,2019-20,RN,2.0885712973659807,2.0276972165670966,2.1774754992087835,34,NA,NA,NA,NA
A,2019-20,Evópoli,2.1794838681570035,2.023667728609862,2.2583433798290677,6,NA,NA,NA,NA
A,2019-20,UDI,2.1839010814400472,2.1426248700158985,2.2586530447128212,29,NA,NA,NA,NA
A,2020-21,UDI,1.9677974844470616,1.8460973364404274,2.068234268652066,26,NA,NA,NA,NA
A,2020-21,RN,2.207763933125096,2.0850948343093867,2.270004134297296,34,NA,NA,NA,NA
A,2020-21,Evópoli,2.2219595922160864,2.059908844242112,2.350871263908194,6,NA,NA,NA,NA
A,2021-22,UDI,1.9296126507981397,1.8202816619586906,2.1913799629628796,27,NA,NA,NA,NA
A,2021-22,RN,2.0318470124098025,1.8428788823118007,2.2830635615938344,33,NA,NA,NA,NA
A,2021-22,Evópoli,2.0671156605102263,2.0455052329048624,2.207573913782559,6,NA,NA,NA,NA
A,2022-23,RN,1.9938972980962577,1.9429958165282613,2.014669879717387,17,NA,NA,NA,NA
A,2022-23,UDI,2.142471200487801,2.1003709345737414,2.184187348581861,20,NA,NA,NA,NA
A,2022-23,PLR,2.442786676974905,2.4301410962567127,2.4560876846684363,9,NA,NA,NA,NA
A,2023-24,RN,2.066668687000624,2.012527489674728,2.1050855330125975,18,NA,NA,NA,NA
A,2023-24,PLR,2.131202868875741,2.0865292580553825,2.143408288019538,8,NA,NA,NA,NA
A,2023-24,UDI,2.1790688933320324,2.150513661058963,2.2106849136770546,20,NA,NA,NA,NA
A,2024-25,RN,1.9887993342285508,1.9174974734978305,2.0203910344841165,15,NA,NA,NA,NA
A,2024-25,UDI,1.997951242121772,1.9403786678698813,2.026225484970566,18,NA,NA,NA,NA
A,2024-25,PLR,2.4659977429560707,2.444024537679568,2.4703204294074763,7,NA,NA,NA,NA
A,2025-26,RN,2.0150325280905586,1.994900025442343,2.0718224497792495,17,NA,NA,NA,NA
A,2025-26,PLR,2.1038733258119056,2.066667160560886,2.138874975783239,8,NA,NA,NA,NA
A,2025-26,UDI,2.1543642463818453,2.1196649535448153,2.1723532758830544,18,NA,NA,NA,NA
B,2022-23,NA,NA,NA,NA,NA,0.773238750410828,0.01986579562398013,9,39
B,2023-24,NA,NA,NA,NA,NA,2.9948860589254616,0.01579053434014649,8,40
B,2024-25,NA,NA,NA,NA,NA,2.713690107674641,7.1586777824697796e-6,7,35
B,2025-26,NA,NA,NA,NA,NA,2.022208374397308,0.07914848468783774,8,37
