diputado_id,legislator,partido,ref_d1,ref_d2
1165,Agustín Romero Leiva,PLR,0.9218825265923648,0.7870475252970583
1179,Alberto Undurraga Vicuña,DC,-0.3829688548018986,0.7277609063093355
1160,Alejandra Placencia Cabello,PC,-0.8205742902990188,0.5226631576994735
1013,Alejandro Bernales Maldonado,LIBERAL,-0.5435514819683028,0.7251043706450447
1076,Alexis Sepúlveda Soto,Otro,-0.4463666868074022,0.6225840720327571
1112,Ana María Bravo Castro,PS,-0.7258580409650823,0.6085416417603273
1128,Ana María Gazmuri Vieira,IND,-0.8063218257968419,0.5434926687149844
1021,Andrés Celis Montt,RN,0.6890863853551704,0.6692569144642496
1129,Andrés Giordano Salazar,IND,-0.7855767826545962,0.5314513332115021
1134,Andrés Jouannet Valderrama,IND,-0.13908957747310066,0.900903111494434
1046,Andrés Longton Herrera,RN,0.6940021244453703,0.640641885717737
1150,Benjamín Moreno Bascur,PLR,0.9279000855645068,0.7816936072046123
971,Bernardo Berger Fett,IND con la derecha,0.6934691973245377,0.6131423044982568
1012,Boris Barrera Moreno,PC,-0.8165968069877233,0.5273793897865741
1151,Camila Musante Müller,IND,-0.5953983393641581,0.700726722173784
1068,Camila Rojas Valderrama,Otro,-0.8260929289458202,0.5798934335315876
1149,Carla Morales Maldonado,RN,0.6678213129131203,0.6765938107275509
1110,Carlos Bianchi Chelech,IND,-0.4803919461046426,0.7450048536019009
1035,Carmen Hertz Cádiz,PC,-0.8706101830026831,0.786518597085117
1048,Carolina Marzán Pinto,PPD,-0.6364021692907197,0.6021929962783049
1177,Carolina Tello Rojas,PC,-0.8036849163549487,0.49143443765584266
1025,Catalina Del Real Mihovilovic,RN,0.8608225307379608,0.6333773001264683
1063,Catalina Pérez Salinas,RD,-0.7940967845526978,0.5556284632212203
1104,Chiara Barchiesi Chávez,PLR,0.908132538769402,0.789444516687937
1144,Christian Matheson Villán,IND con la derecha,0.726485866616256,0.7574334910560632
1169,Clara Sagardía Cabezas,IND,-0.8076677340565318,0.5554196252728437
1051,Claudia Mix Jiménez,Otro,-0.84184372519015,0.6071090086467807
1153,Coca Ericka Ñanco Vásquez,RD,-0.8252191246642357,0.5763933623513767
1180,Consuelo Veloso Ávila,RD,-0.7562407575662553,0.5835397506785414
1049,Cosme Mellado Pino,Otro,-0.6226013365839291,0.578651859125976
1053,Cristhian Moreira Barros,UDI,0.6835143100485979,0.6439215203638623
1094,Cristian Labbé Martínez,UDI,0.8164171061003115,0.5986113214971708
1100,Cristián Araya Lerdo de Tejada,PLR,0.9133235607492364,0.774686703128434
1175,Cristián Tapia Ramos,IND,-0.6224489930006056,0.7131667848856716
1143,Cristóbal Martínez Ramírez,UDI,0.7486046798519155,0.615522240050224
1082,Cristóbal Urruticoechea Ríos,PLR,0.8690128541096345,0.7404971564795086
1140,Daniel Lilayu Vivanco,UDI,0.7626234684065141,0.6713644457353382
1142,Daniel Manouchehri Lobos,PS,-0.6527712475360716,0.6912847107833344
990,Daniel Melo Contreras,PS,-0.6872912705049555,0.6279720221188815
1173,Daniela Serrano Salazar,PC,-0.8227549805626021,0.5059799238794876
975,Daniella Cicardini Milla,PS,-0.7138233260925906,0.6238154301652548
1103,Danisa Astudillo Peiretti,PS,-0.7367778418273876,0.5612668179235302
1037,Diego Ibáñez Cotroneo,PCS,-0.8260941812213177,0.605370105227872
1075,Diego Schalper Sepúlveda,RN,0.6883675747579908,0.6232309594104507
1121,Eduardo Cornejo Lagos,UDI,0.7627680387234608,0.6032139693871027
1028,Eduardo Durán Salinas,RN,0.7101958796269794,0.6257978645133767
1171,Emilia Schneider Videla,Cambio,-0.829671680751543,0.5317619485621923
1139,Enrique Lee Flores,Otro,0.49073328589557896,0.7619277432076274
1097,Eric Aedo Jeldres,DC,-0.23482762295328405,0.8465055637758151
1057,Erika Olivera De La Fuente,IND,-0.13857942332596412,0.8546195399270704
1116,Felipe Camaño Cárdenas,IND,-0.01333270250597879,0.9176743551887396
1126,Felipe Donoso Castro,UDI,0.7702882098726425,0.6077000043009603
1111,Fernando Bórquez Montecinos,UDI,0.5575204267607679,0.6831061288336668
1183,Flor Weisse Novoa,UDI,0.882370909795827,0.622526417136307
1054,Francesca Muñoz González,Cambio,0.6742807814232816,0.759941071389529
1161,Francisco Pulgar Castillo,IND,0.16932182877620627,0.912264449412518
1081,Francisco Undurraga Gazitúa,Evópoli,0.5798026973078927,0.801527414093841
953,Frank Sauerbaum Muñoz,RN,0.7163775694699114,0.6224442342105095
1114,Félix Bugueño Sotelo,Otro,-0.7555154459520903,0.5032242501261309
1034,Félix González Gatica,Otro,-0.678531333588104,0.6790017484801499
1087,Gael Yeomans Araya,PCS,-0.8345791504036953,0.6051904631196733
948,Gaspar Rivas Sánchez,PDG,0.1285844298530213,0.8982069435500969
917,Gastón Von Mühlenbrock Zamora,UDI,0.7714821003379648,0.6432062474023057
1152,Gloria Naveillan Arriagada,Cambio,0.8727102682457273,0.7078439989868897
1086,Gonzalo Winter Etcheberry,PCS,-0.8444668733883229,0.7204181848226318
1065,Guillermo Ramírez Diez,UDI,0.7640568952794655,0.6287942677156084
1109,Gustavo Benavente Vergara,UDI,0.7662452501927299,0.698750012374817
1040,Harry Jürgensen Rundshagen,IND con la derecha,0.8934368693850211,0.8177813079402283
1147,Helia Molina Milman,PPD,-0.7359135705327108,0.6485487792161619
1138,Henry Leal Bizama,UDI,0.6874890548784685,0.6613564236568958
1156,Hernán Palma Pérez,IND,-0.8404442151648992,0.5132538067326239
1176,Hotuiti Teao Drago,IND con la derecha,0.6878740764626409,0.6678333165726066
1067,Hugo Rey Martínez,RN,0.6554218908286731,0.6852179878250497
1105,Héctor Barría Angulo,DC,-0.331068196481012,0.8164698953049223
1178,Héctor Ulloa Aguilera,IND,-0.5919699412556423,0.7716496813141809
1099,Jaime Araya Guerrero,IND,-0.4852280518285408,0.9917200238686104
872,Jaime Mulet Martínez,Otro,-0.8358158859248844,0.7065214027667127
74,Jaime Naranjo Ortiz,PS,-0.7783878351993908,0.5496612815374379
1167,Jaime Sáez Quiroz,RD,-0.8610935974837383,0.6067942492043559
1148,Javiera Morales Alvarado,Cambio,-0.7669548512237775,0.607514325387356
1062,Joanna Pérez Olea,Cambio,-0.0947841969513522,0.8546299041797977
989,Joaquín Lavín León,UDI,0.7920544220731254,0.569561513551979
1135,Johannes Kaiser Barents-Von Hohenhagen,PLR,0.9272007795257172,0.969703881065845
1009,Jorge Alessandri Vergara,UDI,0.8138297077044867,0.62098532434459075
1132,Jorge Guzmán Zepeda,Evópoli,0.5601185348557781,0.756912792839942
999,Jorge Rathgeb Schifferli,RN,0.7043158680634332,0.6319995029321048
1168,Jorge Saffirio Espinoza,Cambio,-0.05424504793890788,0.9252602945884102
1146,José Carlos Meza Pereira,PLR,0.9296466215380734,0.7531876057935758
1019,José Miguel Castro Bascuñán,RN,0.7317921258235349,0.6948575462713217
976,Juan Antonio Coloma Álamos,UDI,0.7507837423990745,0.6157861051728641
1108,Juan Carlos Beltrán Silva,RN,0.6836529735993986,0.6330324784963535
1031,Juan Fuenzalida Cobo,UDI,0.7321993091299581,0.8034737913558354
1133,Juan Irarrázaval Rossel,PLR,0.9220185584221678,0.8040780080475237
1073,Juan Santana Castillo,PS,-0.80818484771164,0.5328446549641852
1145,Karen Medina Vásquez,PDG,0.171551183378017,1.2376808472263643
973,Karol Cariola Oliva,PC,-0.7742327319004454,0.5392126604035323
1002,Leonardo Soto Ferrada,PS,-0.6448539652930001,0.6346664641770642
1069,Leonidas Romero Sáez,Cambio,0.9234387951277534,0.7268818590967421
1127,Lorena Fries Monleón,IND,-0.8657658007717784,0.5512304807090994
1159,Lorena Pizarro Sierra,PC,-0.8215836023369001,0.526593207292
1122,Luis Alberto Cuello Peña y Lillo,PC,-0.8243566091600263,0.5098591699621444
1141,Luis Malla Valenzuela,LIBERAL,-0.6829598123762842,0.6723207618507406
1170,Luis Sánchez Ossa,PLR,0.9256984086725052,0.7721470641977449
1058,Maite Orsini Pascal,RD,-0.8792562798536364,0.5744401019412115
1164,Marcela Riquelme Aliaga,IND,-0.8686578926875907,0.8154021803180942
1163,Marcia Raphael Mora,RN,0.7205119610382289,0.637835463862361
1174,Marco Antonio Sulantay Olivares,UDI,0.7927336031434867,0.619718780660398
1038,Marcos Ilabaca Cerda,PS,-0.6689026415402436,0.5752807267154281
1074,Marisela Santibáñez Novoa,PC,-0.8372220784168394,0.5006875251271359
1157,Marlene Pérez Cartes,IND con la derecha,0.7201524805791069,0.6629783830299515
1113,Marta Bravo Salinas,UDI,0.7600449500910096,0.6037423495469176
1130,Marta González Olea,IND,-0.5072325828709328,0.7421144177839859
1096,María Candelaria Acevedo Sáez,PC,-0.8040333837556871,0.541802568616617
1107,María Francisca Bello Campos,PCS,-0.8207710735208209,0.5399307668101732
1120,María Luisa Cordero Velásquez,IND con la derecha,0.6809080586144397,0.6202735769168454
1162,Matías Ramírez Pascal,PC,-0.8262638145120211,0.5300112507736263
1154,Mauricio Ojeda Rebolledo,IND con la derecha,0.8953122695473473,0.6791078384332916
1131,Mauro González Villarroel,RN,0.5727364097234873,0.6493824477262586
1115,Mercedes Bulnes Núñez,IND,-0.9226813064771708,0.4118525701816562
1050,Miguel Mellado Suazo,RN,0.7274632454706017,0.6143170442017615
1106,Miguel Ángel Becker Alvear,RN,0.7288751409810768,0.6179035510368062
1016,Miguel Ángel Calisto Águila,DC,-0.0026407978149469,0.8949445314015472
1101,Mónica Arce Castro,IND,-0.6063127423003217,0.6673859409498759
1166,Natalia Romero Talguia,IND con la derecha,0.6813305116006131,0.6484401632140904
1117,Nathalie Castillo Rojas,PC,-0.8155984444583143,0.5266787937182507
1181,Nelson Venegas Salazar,PS,-0.7618140193683636,0.6856421742249722
1039,Pamela Jiles Moreno,Otro,-0.1124305212640477,0.9474093313026936
1136,Paula Labra Besserer,IND con la derecha,0.807811234051945,0.5714972743450285
1044,Raúl Leiva Carvajal,PS,-0.706444119761111,0.5794953552068046
1077,Raúl Soto Mardones,PPD,-0.4969961395747912,0.8396430861376006
1003,Renzo Trisotti Martínez,UDI,0.8917211367163568,0.713315294544492
803,René Alinco Bustos,IND,-0.5171213086701595,0.8546869135021044
1118,Ricardo Cifuentes Lillo,DC,-0.4849976981382648,0.912844785083377
1102,Roberto Arroyo Muñoz,PDG,0.529673230627096,0.831364670774808
1155,Rubén Darío Oyarzo Figueroa,PDG,-0.02495256508693345,0.9417070556480795
1119,Sara Concha Smith,Otro,0.6688519325243337,0.755674498183727
1182,Sebastián Videla Castillo,IND,-0.5641674231570772,0.6944939398884172
815,Sergio Bobadilla Muñoz,UDI,0.853911869238863,0.5777788303733234
1022,Sofía Cid Versalovic,RN,0.8553424749628247,0.7325132185754871
1172,Stephan Schubert Rubio,IND con la derecha,0.9146644513349976,0.7866444103784447
1124,Tomás De Rementería Venegas,PS,-0.7124229393436656,0.614146109654342
1036,Tomás Hirsch Goldschmidt,IND,-0.8105710423648961,0.533908686043791
1137,Tomás Lagomarsino Guzmán,IND,-0.3022270191114878,0.9243210418549136
1125,Viviana Delgado Riquelme,Otro,-0.6888511712301979,0.6613102245320833
991,Vlado Mirosevic Verdugo,LIBERAL,-0.7210951748144956,0.6411796017967035
1158,Víctor Alejandro Pino Fuentes,PDG,0.6085791007287502,0.7134926062920648
1059,Ximena Ossandón Irarrázabal,RN,0.6567796631082381,0.6552463221135637
1098,Yovana Ahumada Palma,PDG,0.5395397136662096,0.861578981616081
1017,Álvaro Carter Fernández,IND con la derecha,0.7840503914558016,0.702214029299542
1030,Camila Flores Oporto,RN,0.8720096327897303,0.42899234888716137
1056,Emilia Nuyado Ancapichun,PS,-0.6786157687957463,0.6154290621813371
1015,Jorge Brito Hasbún,RD,-0.815588023622254,0.576739431616924
1027,Jorge Durán Espinoza,RN,0.7785803397243817,0.7886886627838473
1070,Patricio Rosas Barrientos,IND,-0.7864611343137966,0.6344338181993437
