eje,tiempo,partido,diputados,n_votos,indice
Valórico,2022-23,UDI,20,69,0.463768115942029
Valórico,2022-23,RN,19,59,0.4915254237288136
Valórico,2022-23,PLR,9,32,0.71875
Económico,2020-21,RN,36,656,0.4817073170731707
Económico,2020-21,UDI,30,504,0.4126984126984127
Económico,2020-21,PLR,1,14,0.5714285714285714
Económico,2020-21,Evópoli,6,102,0.4019607843137255
Valórico,2019-20,RN,33,263,0.8821292775665399
Valórico,2019-20,UDI,30,254,0.9251968503937008
Económico,2016-17,RN,11,26,0.3076923076923077
Económico,2016-17,UDI,27,70,0.2714285714285714
Valórico,2021-22,RN,32,152,0.7302631578947368
Valórico,2021-22,UDI,26,123,0.7642276422764228
Valórico,2021-22,Evópoli,6,27,0.5555555555555556
Económico,2021-22,RN,34,410,0.25365853658536586
Económico,2021-22,UDI,28,299,0.2307692307692308
Económico,2021-22,PLR,2,26,0.3076923076923077
Económico,2021-22,Evópoli,6,80,0.225
Valórico,2018-19,RN,34,258,0.6744186046511628
Valórico,2018-19,UDI,30,224,0.6383928571428571
Valórico,2018-19,Evópoli,6,46,0.6739130434782609
Económico,2022-23,UDI,20,668,0.15119760479041916
Económico,2022-23,RN,21,691,0.1823444283646889
Económico,2022-23,Evópoli,2,68,0.2058823529411765
Económico,2022-23,PLR,9,357,0.22969187675070027
Económico,2023-24,UDI,20,844,0.4312796208530806
Económico,2023-24,RN,18,797,0.4366373902132999
Económico,2023-24,PLR,9,377,0.4403183023872679
Económico,2023-24,Evópoli,2,66,0.4545454545454546
Económico,2018-19,RN,34,286,0.4545454545454546
Económico,2018-19,UDI,30,268,0.4962686567164179
Económico,2018-19,Evópoli,6,48,0.6875
Económico,2019-20,RN,34,1283,0.5892439594699922
Económico,2019-20,UDI,30,1111,0.6282628262826283
Económico,2019-20,PLR,1,21,0.42857142857142855
Económico,2019-20,Evópoli,6,248,0.6169354838709677
Económico,2017-18,UDI,27,124,0.6935483870967742
Económico,2017-18,RN,13,64,0.65625
Valórico,2023-24,UDI,20,33,0.4545454545454546
Valórico,2023-24,RN,17,28,0.5
Valórico,2016-17,RN,13,29,1
Valórico,2016-17,UDI,28,73,1
Valórico,2019-20,Evópoli,6,32,0.375
Económico,2024-25,UDI,20,3102,0.6486137975499677
Económico,2024-25,RN,18,2535,0.6161735700197238
Económico,2024-25,PLR,8,1420,0.856338028169014
Económico,2024-25,Evópoli,2,350,0.5657142857142857
Valórico,2017-18,UDI,26,96,0.5416666666666666
Valórico,2017-18,RN,13,52,0.5769230769230769
Valórico,2024-25,UDI,19,62,0.7258064516129032
Valórico,2024-25,RN,17,53,0.8113207547169812
Valórico,2024-25,PLR,7,28,0.75
Económico,2025-26,UDI,18,185,0.4648648648648649
Económico,2025-26,RN,17,190,0.4842105263157895
Económico,2025-26,PLR,10,131,0.549618320610687
Económico,2025-26,PNL,6,40,0.475
Económico,2025-26,Evópoli,2,22,0.5909090909090909
